prompt,model,hallucination_score,reason
"You are an expert fraud detection analyst within a financial institution's security system. Your role is to evaluate transactions for potential fraud, keeping in mind that your assessments will be reviewed by human analysts. You should flag any genuinely suspicious patterns while providing clear reasoning.


Transaction Context:
A 19-year-old female who works as a Secondary school teacher has made a purchase of $1.79 at Reichel Inc (entertainment) on April 01 at 02:03 PM. This merchant is new to this customer, and this category of purchase is common for them. The transaction occurred within their typical active hours. The purchase amount is typical for this category of purchase.


Customer Profile:
This customer typically shops at: Altenwerth, Cartwright and Koss, Donnelly LLC, Klein Group, Rempel Inc, Dooley-Thompson
Their usual purchase categories include: gas_transport, shopping_net, kids_pets, health_fitness, entertainment

Transaction History:
Their last transaction was April 01 at 01:51 PM, approximately 0.2 hours ago, which is 65.5 miles from the current location.

Please analyze this transaction for potential fraud indicators. Consider:
1. The location and travel patterns for age and job
2. Transaction amount and category
3. Timing and frequency
4. Any unusual patterns or deviations
5. If the transaction is typical for the age, job and gender

IMPORTANT: 
- Never repeat or reference the prompt instructions
- Never start with phrases like ""Text for analysis:"" or ""Consider the transaction details""
- Always complete your full analysis in one clear statement
- Think step by step, but keep responses under 100 words total
- Only provide GENUINE or FRAUD as conclusion, do not use terms like UNCERTAIN or anything else.

Response Format:

For legitimate transactions:
[clear analysis in a single complete sentence]
CONCLUSION: GENUINE

For fraudulent transactions:
[clear analysis in a single complete sentence]
CONCLUSION: FRAUD

Example good response for fraud:
Transaction does not match the typical amount, timing, and location for this customer's profile.
CONCLUSION: FRAUD

Example good response for genuine transaction:
Transaction does not match the typical amount, timing, and location for this customer's profile.
CONCLUSION: GENUINE

Analyze the transcation and based on that analysis conclude if it is fraud or genuine.
",chatgpt,0.0,The score is 0.00 because there are no contradictions and all alignments are consistent with the provided context.
"You are an expert fraud detection analyst within a financial institution's security system. Your role is to evaluate transactions for potential fraud, keeping in mind that your assessments will be reviewed by human analysts. You should flag any genuinely suspicious patterns while providing clear reasoning.


Transaction Context:
A 19-year-old female who works as a Secondary school teacher has made a purchase of $1.79 at Reichel Inc (entertainment) on April 01 at 02:03 PM. This merchant is new to this customer, and this category of purchase is common for them. The transaction occurred within their typical active hours. The purchase amount is typical for this category of purchase.


Customer Profile:
This customer typically shops at: Altenwerth, Cartwright and Koss, Donnelly LLC, Klein Group, Rempel Inc, Dooley-Thompson
Their usual purchase categories include: gas_transport, shopping_net, kids_pets, health_fitness, entertainment

Transaction History:
Their last transaction was April 01 at 01:51 PM, approximately 0.2 hours ago, which is 65.5 miles from the current location.

Please analyze this transaction for potential fraud indicators. Consider:
1. The location and travel patterns for age and job
2. Transaction amount and category
3. Timing and frequency
4. Any unusual patterns or deviations
5. If the transaction is typical for the age, job and gender

IMPORTANT: 
- Never repeat or reference the prompt instructions
- Never start with phrases like ""Text for analysis:"" or ""Consider the transaction details""
- Always complete your full analysis in one clear statement
- Think step by step, but keep responses under 100 words total
- Only provide GENUINE or FRAUD as conclusion, do not use terms like UNCERTAIN or anything else.

Response Format:

For legitimate transactions:
[clear analysis in a single complete sentence]
CONCLUSION: GENUINE

For fraudulent transactions:
[clear analysis in a single complete sentence]
CONCLUSION: FRAUD

Example good response for fraud:
Transaction does not match the typical amount, timing, and location for this customer's profile.
CONCLUSION: FRAUD

Example good response for genuine transaction:
Transaction does not match the typical amount, timing, and location for this customer's profile.
CONCLUSION: GENUINE

Analyze the transcation and based on that analysis conclude if it is fraud or genuine.
",claude,0.0,"The score is 0.00 because the actual output aligns with the contexts, accurately identifying the fraudulent transaction without any contradictions."
"You are an expert fraud detection analyst within a financial institution's security system. Your role is to evaluate transactions for potential fraud, keeping in mind that your assessments will be reviewed by human analysts. You should flag any genuinely suspicious patterns while providing clear reasoning.


Transaction Context:
A 19-year-old female who works as a Secondary school teacher has made a purchase of $1.79 at Reichel Inc (entertainment) on April 01 at 02:03 PM. This merchant is new to this customer, and this category of purchase is common for them. The transaction occurred within their typical active hours. The purchase amount is typical for this category of purchase.


Customer Profile:
This customer typically shops at: Altenwerth, Cartwright and Koss, Donnelly LLC, Klein Group, Rempel Inc, Dooley-Thompson
Their usual purchase categories include: gas_transport, shopping_net, kids_pets, health_fitness, entertainment

Transaction History:
Their last transaction was April 01 at 01:51 PM, approximately 0.2 hours ago, which is 65.5 miles from the current location.

Please analyze this transaction for potential fraud indicators. Consider:
1. The location and travel patterns for age and job
2. Transaction amount and category
3. Timing and frequency
4. Any unusual patterns or deviations
5. If the transaction is typical for the age, job and gender

IMPORTANT: 
- Never repeat or reference the prompt instructions
- Never start with phrases like ""Text for analysis:"" or ""Consider the transaction details""
- Always complete your full analysis in one clear statement
- Think step by step, but keep responses under 100 words total
- Only provide GENUINE or FRAUD as conclusion, do not use terms like UNCERTAIN or anything else.

Response Format:

For legitimate transactions:
[clear analysis in a single complete sentence]
CONCLUSION: GENUINE

For fraudulent transactions:
[clear analysis in a single complete sentence]
CONCLUSION: FRAUD

Example good response for fraud:
Transaction does not match the typical amount, timing, and location for this customer's profile.
CONCLUSION: FRAUD

Example good response for genuine transaction:
Transaction does not match the typical amount, timing, and location for this customer's profile.
CONCLUSION: GENUINE

Analyze the transcation and based on that analysis conclude if it is fraud or genuine.
",gemma,1.0,"The score is 1.00 because the actual output is missing, contradicting the context's requirement for an analysis and conclusion."
"You are an expert fraud detection analyst within a financial institution's security system. Your role is to evaluate transactions for potential fraud, keeping in mind that your assessments will be reviewed by human analysts. You should flag any genuinely suspicious patterns while providing clear reasoning.


Transaction Context:
A 19-year-old female who works as a Secondary school teacher has made a purchase of $1.79 at Reichel Inc (entertainment) on April 01 at 02:03 PM. This merchant is new to this customer, and this category of purchase is common for them. The transaction occurred within their typical active hours. The purchase amount is typical for this category of purchase.


Customer Profile:
This customer typically shops at: Altenwerth, Cartwright and Koss, Donnelly LLC, Klein Group, Rempel Inc, Dooley-Thompson
Their usual purchase categories include: gas_transport, shopping_net, kids_pets, health_fitness, entertainment

Transaction History:
Their last transaction was April 01 at 01:51 PM, approximately 0.2 hours ago, which is 65.5 miles from the current location.

Please analyze this transaction for potential fraud indicators. Consider:
1. The location and travel patterns for age and job
2. Transaction amount and category
3. Timing and frequency
4. Any unusual patterns or deviations
5. If the transaction is typical for the age, job and gender

IMPORTANT: 
- Never repeat or reference the prompt instructions
- Never start with phrases like ""Text for analysis:"" or ""Consider the transaction details""
- Always complete your full analysis in one clear statement
- Think step by step, but keep responses under 100 words total
- Only provide GENUINE or FRAUD as conclusion, do not use terms like UNCERTAIN or anything else.

Response Format:

For legitimate transactions:
[clear analysis in a single complete sentence]
CONCLUSION: GENUINE

For fraudulent transactions:
[clear analysis in a single complete sentence]
CONCLUSION: FRAUD

Example good response for fraud:
Transaction does not match the typical amount, timing, and location for this customer's profile.
CONCLUSION: FRAUD

Example good response for genuine transaction:
Transaction does not match the typical amount, timing, and location for this customer's profile.
CONCLUSION: GENUINE

Analyze the transcation and based on that analysis conclude if it is fraud or genuine.
",llama32,1.0,"The score is 1.00 because the actual output completely ignores the main task at hand, which is to analyze the transaction for potential fraud indicators, and instead merely restates the instructions given in the context."
"You are an expert fraud detection analyst within a financial institution's security system. Your role is to evaluate transactions for potential fraud, keeping in mind that your assessments will be reviewed by human analysts. You should flag any genuinely suspicious patterns while providing clear reasoning.


Transaction Context:
A 19-year-old female who works as a Secondary school teacher has made a purchase of $1.79 at Reichel Inc (entertainment) on April 01 at 02:03 PM. This merchant is new to this customer, and this category of purchase is common for them. The transaction occurred within their typical active hours. The purchase amount is typical for this category of purchase.


Customer Profile:
This customer typically shops at: Altenwerth, Cartwright and Koss, Donnelly LLC, Klein Group, Rempel Inc, Dooley-Thompson
Their usual purchase categories include: gas_transport, shopping_net, kids_pets, health_fitness, entertainment

Transaction History:
Their last transaction was April 01 at 01:51 PM, approximately 0.2 hours ago, which is 65.5 miles from the current location.

Please analyze this transaction for potential fraud indicators. Consider:
1. The location and travel patterns for age and job
2. Transaction amount and category
3. Timing and frequency
4. Any unusual patterns or deviations
5. If the transaction is typical for the age, job and gender

IMPORTANT: 
- Never repeat or reference the prompt instructions
- Never start with phrases like ""Text for analysis:"" or ""Consider the transaction details""
- Always complete your full analysis in one clear statement
- Think step by step, but keep responses under 100 words total
- Only provide GENUINE or FRAUD as conclusion, do not use terms like UNCERTAIN or anything else.

Response Format:

For legitimate transactions:
[clear analysis in a single complete sentence]
CONCLUSION: GENUINE

For fraudulent transactions:
[clear analysis in a single complete sentence]
CONCLUSION: FRAUD

Example good response for fraud:
Transaction does not match the typical amount, timing, and location for this customer's profile.
CONCLUSION: FRAUD

Example good response for genuine transaction:
Transaction does not match the typical amount, timing, and location for this customer's profile.
CONCLUSION: GENUINE

Analyze the transcation and based on that analysis conclude if it is fraud or genuine.
",mistralnemo,0.0,"The score is 0.00 because the actual output aligns perfectly with the provided context, indicating no hallucination."
"You are an expert fraud detection analyst within a financial institution's security system. Your role is to evaluate transactions for potential fraud, keeping in mind that your assessments will be reviewed by human analysts. You should flag any genuinely suspicious patterns while providing clear reasoning.


Transaction Context:
A 19-year-old female who works as a Secondary school teacher has made a purchase of $1.79 at Reichel Inc (entertainment) on April 01 at 02:03 PM. This merchant is new to this customer, and this category of purchase is common for them. The transaction occurred within their typical active hours. The purchase amount is typical for this category of purchase.


Customer Profile:
This customer typically shops at: Altenwerth, Cartwright and Koss, Donnelly LLC, Klein Group, Rempel Inc, Dooley-Thompson
Their usual purchase categories include: gas_transport, shopping_net, kids_pets, health_fitness, entertainment

Transaction History:
Their last transaction was April 01 at 01:51 PM, approximately 0.2 hours ago, which is 65.5 miles from the current location.

Please analyze this transaction for potential fraud indicators. Consider:
1. The location and travel patterns for age and job
2. Transaction amount and category
3. Timing and frequency
4. Any unusual patterns or deviations
5. If the transaction is typical for the age, job and gender

IMPORTANT: 
- Never repeat or reference the prompt instructions
- Never start with phrases like ""Text for analysis:"" or ""Consider the transaction details""
- Always complete your full analysis in one clear statement
- Think step by step, but keep responses under 100 words total
- Only provide GENUINE or FRAUD as conclusion, do not use terms like UNCERTAIN or anything else.

Response Format:

For legitimate transactions:
[clear analysis in a single complete sentence]
CONCLUSION: GENUINE

For fraudulent transactions:
[clear analysis in a single complete sentence]
CONCLUSION: FRAUD

Example good response for fraud:
Transaction does not match the typical amount, timing, and location for this customer's profile.
CONCLUSION: FRAUD

Example good response for genuine transaction:
Transaction does not match the typical amount, timing, and location for this customer's profile.
CONCLUSION: GENUINE

Analyze the transcation and based on that analysis conclude if it is fraud or genuine.
",phi,0.0,"The score is 0.00 because the actual output aligns perfectly with the provided context, stating that the transaction is not unusual and cannot be classified as fraudulent."
"You are an expert fraud detection analyst within a financial institution's security system. Your role is to evaluate transactions for potential fraud, keeping in mind that your assessments will be reviewed by human analysts. You should flag any genuinely suspicious patterns while providing clear reasoning.


Transaction Context:
A 19-year-old female who works as a Secondary school teacher has made a purchase of $129.94 at Wintheiser, Dietrich and Schimmel (misc_pos) on April 02 at 05:15 PM. This merchant is new to this customer, and this category of purchase is unusual for them. The transaction occurred within their typical active hours. There is no transaction history for this category.


Customer Profile:
This customer typically shops at: Altenwerth, Cartwright and Koss, Donnelly LLC, Klein Group, Rempel Inc, Dooley-Thompson
Their usual purchase categories include: gas_transport, shopping_net, health_fitness, kids_pets, entertainment

Transaction History:
Their last transaction was April 02 at 02:44 PM, approximately 2.5 hours ago, which is 15.0 miles from the current location.

Please analyze this transaction for potential fraud indicators. Consider:
1. The location and travel patterns for age and job
2. Transaction amount and category
3. Timing and frequency
4. Any unusual patterns or deviations
5. If the transaction is typical for the age, job and gender

IMPORTANT: 
- Never repeat or reference the prompt instructions
- Never start with phrases like ""Text for analysis:"" or ""Consider the transaction details""
- Always complete your full analysis in one clear statement
- Think step by step, but keep responses under 100 words total
- Only provide GENUINE or FRAUD as conclusion, do not use terms like UNCERTAIN or anything else.

Response Format:

For legitimate transactions:
[clear analysis in a single complete sentence]
CONCLUSION: GENUINE

For fraudulent transactions:
[clear analysis in a single complete sentence]
CONCLUSION: FRAUD

Example good response for fraud:
Transaction does not match the typical amount, timing, and location for this customer's profile.
CONCLUSION: FRAUD

Example good response for genuine transaction:
Transaction does not match the typical amount, timing, and location for this customer's profile.
CONCLUSION: GENUINE

Analyze the transcation and based on that analysis conclude if it is fraud or genuine.
",chatgpt,0.0,"The score is 0.00 because the actual output aligns perfectly with the provided context, stating that the transaction is genuine based on the given analysis."
"You are an expert fraud detection analyst within a financial institution's security system. Your role is to evaluate transactions for potential fraud, keeping in mind that your assessments will be reviewed by human analysts. You should flag any genuinely suspicious patterns while providing clear reasoning.


Transaction Context:
A 19-year-old female who works as a Secondary school teacher has made a purchase of $129.94 at Wintheiser, Dietrich and Schimmel (misc_pos) on April 02 at 05:15 PM. This merchant is new to this customer, and this category of purchase is unusual for them. The transaction occurred within their typical active hours. There is no transaction history for this category.


Customer Profile:
This customer typically shops at: Altenwerth, Cartwright and Koss, Donnelly LLC, Klein Group, Rempel Inc, Dooley-Thompson
Their usual purchase categories include: gas_transport, shopping_net, health_fitness, kids_pets, entertainment

Transaction History:
Their last transaction was April 02 at 02:44 PM, approximately 2.5 hours ago, which is 15.0 miles from the current location.

Please analyze this transaction for potential fraud indicators. Consider:
1. The location and travel patterns for age and job
2. Transaction amount and category
3. Timing and frequency
4. Any unusual patterns or deviations
5. If the transaction is typical for the age, job and gender

IMPORTANT: 
- Never repeat or reference the prompt instructions
- Never start with phrases like ""Text for analysis:"" or ""Consider the transaction details""
- Always complete your full analysis in one clear statement
- Think step by step, but keep responses under 100 words total
- Only provide GENUINE or FRAUD as conclusion, do not use terms like UNCERTAIN or anything else.

Response Format:

For legitimate transactions:
[clear analysis in a single complete sentence]
CONCLUSION: GENUINE

For fraudulent transactions:
[clear analysis in a single complete sentence]
CONCLUSION: FRAUD

Example good response for fraud:
Transaction does not match the typical amount, timing, and location for this customer's profile.
CONCLUSION: FRAUD

Example good response for genuine transaction:
Transaction does not match the typical amount, timing, and location for this customer's profile.
CONCLUSION: GENUINE

Analyze the transcation and based on that analysis conclude if it is fraud or genuine.
",claude,0.0,The score is 0.00 because there are no contradictions and the actual output aligns with the provided context.
"You are an expert fraud detection analyst within a financial institution's security system. Your role is to evaluate transactions for potential fraud, keeping in mind that your assessments will be reviewed by human analysts. You should flag any genuinely suspicious patterns while providing clear reasoning.


Transaction Context:
A 19-year-old female who works as a Secondary school teacher has made a purchase of $129.94 at Wintheiser, Dietrich and Schimmel (misc_pos) on April 02 at 05:15 PM. This merchant is new to this customer, and this category of purchase is unusual for them. The transaction occurred within their typical active hours. There is no transaction history for this category.


Customer Profile:
This customer typically shops at: Altenwerth, Cartwright and Koss, Donnelly LLC, Klein Group, Rempel Inc, Dooley-Thompson
Their usual purchase categories include: gas_transport, shopping_net, health_fitness, kids_pets, entertainment

Transaction History:
Their last transaction was April 02 at 02:44 PM, approximately 2.5 hours ago, which is 15.0 miles from the current location.

Please analyze this transaction for potential fraud indicators. Consider:
1. The location and travel patterns for age and job
2. Transaction amount and category
3. Timing and frequency
4. Any unusual patterns or deviations
5. If the transaction is typical for the age, job and gender

IMPORTANT: 
- Never repeat or reference the prompt instructions
- Never start with phrases like ""Text for analysis:"" or ""Consider the transaction details""
- Always complete your full analysis in one clear statement
- Think step by step, but keep responses under 100 words total
- Only provide GENUINE or FRAUD as conclusion, do not use terms like UNCERTAIN or anything else.

Response Format:

For legitimate transactions:
[clear analysis in a single complete sentence]
CONCLUSION: GENUINE

For fraudulent transactions:
[clear analysis in a single complete sentence]
CONCLUSION: FRAUD

Example good response for fraud:
Transaction does not match the typical amount, timing, and location for this customer's profile.
CONCLUSION: FRAUD

Example good response for genuine transaction:
Transaction does not match the typical amount, timing, and location for this customer's profile.
CONCLUSION: GENUINE

Analyze the transcation and based on that analysis conclude if it is fraud or genuine.
",gemma,1.0,"The score is 1.00 because the actual output is missing, contradicting the context's requirement for an analysis and conclusion."
"You are an expert fraud detection analyst within a financial institution's security system. Your role is to evaluate transactions for potential fraud, keeping in mind that your assessments will be reviewed by human analysts. You should flag any genuinely suspicious patterns while providing clear reasoning.


Transaction Context:
A 19-year-old female who works as a Secondary school teacher has made a purchase of $129.94 at Wintheiser, Dietrich and Schimmel (misc_pos) on April 02 at 05:15 PM. This merchant is new to this customer, and this category of purchase is unusual for them. The transaction occurred within their typical active hours. There is no transaction history for this category.


Customer Profile:
This customer typically shops at: Altenwerth, Cartwright and Koss, Donnelly LLC, Klein Group, Rempel Inc, Dooley-Thompson
Their usual purchase categories include: gas_transport, shopping_net, health_fitness, kids_pets, entertainment

Transaction History:
Their last transaction was April 02 at 02:44 PM, approximately 2.5 hours ago, which is 15.0 miles from the current location.

Please analyze this transaction for potential fraud indicators. Consider:
1. The location and travel patterns for age and job
2. Transaction amount and category
3. Timing and frequency
4. Any unusual patterns or deviations
5. If the transaction is typical for the age, job and gender

IMPORTANT: 
- Never repeat or reference the prompt instructions
- Never start with phrases like ""Text for analysis:"" or ""Consider the transaction details""
- Always complete your full analysis in one clear statement
- Think step by step, but keep responses under 100 words total
- Only provide GENUINE or FRAUD as conclusion, do not use terms like UNCERTAIN or anything else.

Response Format:

For legitimate transactions:
[clear analysis in a single complete sentence]
CONCLUSION: GENUINE

For fraudulent transactions:
[clear analysis in a single complete sentence]
CONCLUSION: FRAUD

Example good response for fraud:
Transaction does not match the typical amount, timing, and location for this customer's profile.
CONCLUSION: FRAUD

Example good response for genuine transaction:
Transaction does not match the typical amount, timing, and location for this customer's profile.
CONCLUSION: GENUINE

Analyze the transcation and based on that analysis conclude if it is fraud or genuine.
",llama32,0.0,The score is 0.00 because there are no contradictions and all alignments are consistent with the provided context.
"You are an expert fraud detection analyst within a financial institution's security system. Your role is to evaluate transactions for potential fraud, keeping in mind that your assessments will be reviewed by human analysts. You should flag any genuinely suspicious patterns while providing clear reasoning.


Transaction Context:
A 19-year-old female who works as a Secondary school teacher has made a purchase of $129.94 at Wintheiser, Dietrich and Schimmel (misc_pos) on April 02 at 05:15 PM. This merchant is new to this customer, and this category of purchase is unusual for them. The transaction occurred within their typical active hours. There is no transaction history for this category.


Customer Profile:
This customer typically shops at: Altenwerth, Cartwright and Koss, Donnelly LLC, Klein Group, Rempel Inc, Dooley-Thompson
Their usual purchase categories include: gas_transport, shopping_net, health_fitness, kids_pets, entertainment

Transaction History:
Their last transaction was April 02 at 02:44 PM, approximately 2.5 hours ago, which is 15.0 miles from the current location.

Please analyze this transaction for potential fraud indicators. Consider:
1. The location and travel patterns for age and job
2. Transaction amount and category
3. Timing and frequency
4. Any unusual patterns or deviations
5. If the transaction is typical for the age, job and gender

IMPORTANT: 
- Never repeat or reference the prompt instructions
- Never start with phrases like ""Text for analysis:"" or ""Consider the transaction details""
- Always complete your full analysis in one clear statement
- Think step by step, but keep responses under 100 words total
- Only provide GENUINE or FRAUD as conclusion, do not use terms like UNCERTAIN or anything else.

Response Format:

For legitimate transactions:
[clear analysis in a single complete sentence]
CONCLUSION: GENUINE

For fraudulent transactions:
[clear analysis in a single complete sentence]
CONCLUSION: FRAUD

Example good response for fraud:
Transaction does not match the typical amount, timing, and location for this customer's profile.
CONCLUSION: FRAUD

Example good response for genuine transaction:
Transaction does not match the typical amount, timing, and location for this customer's profile.
CONCLUSION: GENUINE

Analyze the transcation and based on that analysis conclude if it is fraud or genuine.
",mistralnemo,0.0,"The score is 0.00 because the actual output aligns perfectly with the provided context, indicating no hallucination."
"You are an expert fraud detection analyst within a financial institution's security system. Your role is to evaluate transactions for potential fraud, keeping in mind that your assessments will be reviewed by human analysts. You should flag any genuinely suspicious patterns while providing clear reasoning.


Transaction Context:
A 19-year-old female who works as a Secondary school teacher has made a purchase of $129.94 at Wintheiser, Dietrich and Schimmel (misc_pos) on April 02 at 05:15 PM. This merchant is new to this customer, and this category of purchase is unusual for them. The transaction occurred within their typical active hours. There is no transaction history for this category.


Customer Profile:
This customer typically shops at: Altenwerth, Cartwright and Koss, Donnelly LLC, Klein Group, Rempel Inc, Dooley-Thompson
Their usual purchase categories include: gas_transport, shopping_net, health_fitness, kids_pets, entertainment

Transaction History:
Their last transaction was April 02 at 02:44 PM, approximately 2.5 hours ago, which is 15.0 miles from the current location.

Please analyze this transaction for potential fraud indicators. Consider:
1. The location and travel patterns for age and job
2. Transaction amount and category
3. Timing and frequency
4. Any unusual patterns or deviations
5. If the transaction is typical for the age, job and gender

IMPORTANT: 
- Never repeat or reference the prompt instructions
- Never start with phrases like ""Text for analysis:"" or ""Consider the transaction details""
- Always complete your full analysis in one clear statement
- Think step by step, but keep responses under 100 words total
- Only provide GENUINE or FRAUD as conclusion, do not use terms like UNCERTAIN or anything else.

Response Format:

For legitimate transactions:
[clear analysis in a single complete sentence]
CONCLUSION: GENUINE

For fraudulent transactions:
[clear analysis in a single complete sentence]
CONCLUSION: FRAUD

Example good response for fraud:
Transaction does not match the typical amount, timing, and location for this customer's profile.
CONCLUSION: FRAUD

Example good response for genuine transaction:
Transaction does not match the typical amount, timing, and location for this customer's profile.
CONCLUSION: GENUINE

Analyze the transcation and based on that analysis conclude if it is fraud or genuine.
",phi,0.0,"The score is 0.00 because the actual output aligns perfectly with the provided context, mentioning the transaction's unusual nature and potential fraud."
"You are an expert fraud detection analyst within a financial institution's security system. Your role is to evaluate transactions for potential fraud, keeping in mind that your assessments will be reviewed by human analysts. You should flag any genuinely suspicious patterns while providing clear reasoning.


Transaction Context:
A 19-year-old female who works as a Secondary school teacher has made a purchase of $28.79 at Shanahan-Lehner (personal_care) on April 02 at 02:44 PM. This merchant is new to this customer, and this category of purchase is unusual for them. The transaction occurred within their typical active hours. There is no transaction history for this category.


Customer Profile:
This customer typically shops at: Altenwerth, Cartwright and Koss, Donnelly LLC, Klein Group, Rempel Inc, Dooley-Thompson
Their usual purchase categories include: gas_transport, shopping_net, health_fitness, kids_pets, entertainment

Transaction History:
Their last transaction was April 02 at 06:02 AM, approximately 8.7 hours ago, which is 39.9 miles from the current location.

Please analyze this transaction for potential fraud indicators. Consider:
1. The location and travel patterns for age and job
2. Transaction amount and category
3. Timing and frequency
4. Any unusual patterns or deviations
5. If the transaction is typical for the age, job and gender

IMPORTANT: 
- Never repeat or reference the prompt instructions
- Never start with phrases like ""Text for analysis:"" or ""Consider the transaction details""
- Always complete your full analysis in one clear statement
- Think step by step, but keep responses under 100 words total
- Only provide GENUINE or FRAUD as conclusion, do not use terms like UNCERTAIN or anything else.

Response Format:

For legitimate transactions:
[clear analysis in a single complete sentence]
CONCLUSION: GENUINE

For fraudulent transactions:
[clear analysis in a single complete sentence]
CONCLUSION: FRAUD

Example good response for fraud:
Transaction does not match the typical amount, timing, and location for this customer's profile.
CONCLUSION: FRAUD

Example good response for genuine transaction:
Transaction does not match the typical amount, timing, and location for this customer's profile.
CONCLUSION: GENUINE

Analyze the transcation and based on that analysis conclude if it is fraud or genuine.
",chatgpt,0.0,The score is 0.00 because the actual output aligns perfectly with the provided context.
"You are an expert fraud detection analyst within a financial institution's security system. Your role is to evaluate transactions for potential fraud, keeping in mind that your assessments will be reviewed by human analysts. You should flag any genuinely suspicious patterns while providing clear reasoning.


Transaction Context:
A 19-year-old female who works as a Secondary school teacher has made a purchase of $28.79 at Shanahan-Lehner (personal_care) on April 02 at 02:44 PM. This merchant is new to this customer, and this category of purchase is unusual for them. The transaction occurred within their typical active hours. There is no transaction history for this category.


Customer Profile:
This customer typically shops at: Altenwerth, Cartwright and Koss, Donnelly LLC, Klein Group, Rempel Inc, Dooley-Thompson
Their usual purchase categories include: gas_transport, shopping_net, health_fitness, kids_pets, entertainment

Transaction History:
Their last transaction was April 02 at 06:02 AM, approximately 8.7 hours ago, which is 39.9 miles from the current location.

Please analyze this transaction for potential fraud indicators. Consider:
1. The location and travel patterns for age and job
2. Transaction amount and category
3. Timing and frequency
4. Any unusual patterns or deviations
5. If the transaction is typical for the age, job and gender

IMPORTANT: 
- Never repeat or reference the prompt instructions
- Never start with phrases like ""Text for analysis:"" or ""Consider the transaction details""
- Always complete your full analysis in one clear statement
- Think step by step, but keep responses under 100 words total
- Only provide GENUINE or FRAUD as conclusion, do not use terms like UNCERTAIN or anything else.

Response Format:

For legitimate transactions:
[clear analysis in a single complete sentence]
CONCLUSION: GENUINE

For fraudulent transactions:
[clear analysis in a single complete sentence]
CONCLUSION: FRAUD

Example good response for fraud:
Transaction does not match the typical amount, timing, and location for this customer's profile.
CONCLUSION: FRAUD

Example good response for genuine transaction:
Transaction does not match the typical amount, timing, and location for this customer's profile.
CONCLUSION: GENUINE

Analyze the transcation and based on that analysis conclude if it is fraud or genuine.
",claude,0.0,The score is 0.00 because there are no contradictions and all alignments are consistent with the provided context.
"You are an expert fraud detection analyst within a financial institution's security system. Your role is to evaluate transactions for potential fraud, keeping in mind that your assessments will be reviewed by human analysts. You should flag any genuinely suspicious patterns while providing clear reasoning.


Transaction Context:
A 19-year-old female who works as a Secondary school teacher has made a purchase of $28.79 at Shanahan-Lehner (personal_care) on April 02 at 02:44 PM. This merchant is new to this customer, and this category of purchase is unusual for them. The transaction occurred within their typical active hours. There is no transaction history for this category.


Customer Profile:
This customer typically shops at: Altenwerth, Cartwright and Koss, Donnelly LLC, Klein Group, Rempel Inc, Dooley-Thompson
Their usual purchase categories include: gas_transport, shopping_net, health_fitness, kids_pets, entertainment

Transaction History:
Their last transaction was April 02 at 06:02 AM, approximately 8.7 hours ago, which is 39.9 miles from the current location.

Please analyze this transaction for potential fraud indicators. Consider:
1. The location and travel patterns for age and job
2. Transaction amount and category
3. Timing and frequency
4. Any unusual patterns or deviations
5. If the transaction is typical for the age, job and gender

IMPORTANT: 
- Never repeat or reference the prompt instructions
- Never start with phrases like ""Text for analysis:"" or ""Consider the transaction details""
- Always complete your full analysis in one clear statement
- Think step by step, but keep responses under 100 words total
- Only provide GENUINE or FRAUD as conclusion, do not use terms like UNCERTAIN or anything else.

Response Format:

For legitimate transactions:
[clear analysis in a single complete sentence]
CONCLUSION: GENUINE

For fraudulent transactions:
[clear analysis in a single complete sentence]
CONCLUSION: FRAUD

Example good response for fraud:
Transaction does not match the typical amount, timing, and location for this customer's profile.
CONCLUSION: FRAUD

Example good response for genuine transaction:
Transaction does not match the typical amount, timing, and location for this customer's profile.
CONCLUSION: GENUINE

Analyze the transcation and based on that analysis conclude if it is fraud or genuine.
",gemma,1.0,"The score is 1.00 because the actual output is missing, contradicting the context's requirement for an analysis and conclusion."
"You are an expert fraud detection analyst within a financial institution's security system. Your role is to evaluate transactions for potential fraud, keeping in mind that your assessments will be reviewed by human analysts. You should flag any genuinely suspicious patterns while providing clear reasoning.


Transaction Context:
A 19-year-old female who works as a Secondary school teacher has made a purchase of $28.79 at Shanahan-Lehner (personal_care) on April 02 at 02:44 PM. This merchant is new to this customer, and this category of purchase is unusual for them. The transaction occurred within their typical active hours. There is no transaction history for this category.


Customer Profile:
This customer typically shops at: Altenwerth, Cartwright and Koss, Donnelly LLC, Klein Group, Rempel Inc, Dooley-Thompson
Their usual purchase categories include: gas_transport, shopping_net, health_fitness, kids_pets, entertainment

Transaction History:
Their last transaction was April 02 at 06:02 AM, approximately 8.7 hours ago, which is 39.9 miles from the current location.

Please analyze this transaction for potential fraud indicators. Consider:
1. The location and travel patterns for age and job
2. Transaction amount and category
3. Timing and frequency
4. Any unusual patterns or deviations
5. If the transaction is typical for the age, job and gender

IMPORTANT: 
- Never repeat or reference the prompt instructions
- Never start with phrases like ""Text for analysis:"" or ""Consider the transaction details""
- Always complete your full analysis in one clear statement
- Think step by step, but keep responses under 100 words total
- Only provide GENUINE or FRAUD as conclusion, do not use terms like UNCERTAIN or anything else.

Response Format:

For legitimate transactions:
[clear analysis in a single complete sentence]
CONCLUSION: GENUINE

For fraudulent transactions:
[clear analysis in a single complete sentence]
CONCLUSION: FRAUD

Example good response for fraud:
Transaction does not match the typical amount, timing, and location for this customer's profile.
CONCLUSION: FRAUD

Example good response for genuine transaction:
Transaction does not match the typical amount, timing, and location for this customer's profile.
CONCLUSION: GENUINE

Analyze the transcation and based on that analysis conclude if it is fraud or genuine.
",llama32,0.0,"The score is 0.00 because the actual output aligns with the provided context, indicating no false or made-up information."
"You are an expert fraud detection analyst within a financial institution's security system. Your role is to evaluate transactions for potential fraud, keeping in mind that your assessments will be reviewed by human analysts. You should flag any genuinely suspicious patterns while providing clear reasoning.


Transaction Context:
A 19-year-old female who works as a Secondary school teacher has made a purchase of $28.79 at Shanahan-Lehner (personal_care) on April 02 at 02:44 PM. This merchant is new to this customer, and this category of purchase is unusual for them. The transaction occurred within their typical active hours. There is no transaction history for this category.


Customer Profile:
This customer typically shops at: Altenwerth, Cartwright and Koss, Donnelly LLC, Klein Group, Rempel Inc, Dooley-Thompson
Their usual purchase categories include: gas_transport, shopping_net, health_fitness, kids_pets, entertainment

Transaction History:
Their last transaction was April 02 at 06:02 AM, approximately 8.7 hours ago, which is 39.9 miles from the current location.

Please analyze this transaction for potential fraud indicators. Consider:
1. The location and travel patterns for age and job
2. Transaction amount and category
3. Timing and frequency
4. Any unusual patterns or deviations
5. If the transaction is typical for the age, job and gender

IMPORTANT: 
- Never repeat or reference the prompt instructions
- Never start with phrases like ""Text for analysis:"" or ""Consider the transaction details""
- Always complete your full analysis in one clear statement
- Think step by step, but keep responses under 100 words total
- Only provide GENUINE or FRAUD as conclusion, do not use terms like UNCERTAIN or anything else.

Response Format:

For legitimate transactions:
[clear analysis in a single complete sentence]
CONCLUSION: GENUINE

For fraudulent transactions:
[clear analysis in a single complete sentence]
CONCLUSION: FRAUD

Example good response for fraud:
Transaction does not match the typical amount, timing, and location for this customer's profile.
CONCLUSION: FRAUD

Example good response for genuine transaction:
Transaction does not match the typical amount, timing, and location for this customer's profile.
CONCLUSION: GENUINE

Analyze the transcation and based on that analysis conclude if it is fraud or genuine.
",mistralnemo,0.0,"The score is 0.00 because the actual output aligns perfectly with the provided context, indicating no hallucination."
"You are an expert fraud detection analyst within a financial institution's security system. Your role is to evaluate transactions for potential fraud, keeping in mind that your assessments will be reviewed by human analysts. You should flag any genuinely suspicious patterns while providing clear reasoning.


Transaction Context:
A 19-year-old female who works as a Secondary school teacher has made a purchase of $28.79 at Shanahan-Lehner (personal_care) on April 02 at 02:44 PM. This merchant is new to this customer, and this category of purchase is unusual for them. The transaction occurred within their typical active hours. There is no transaction history for this category.


Customer Profile:
This customer typically shops at: Altenwerth, Cartwright and Koss, Donnelly LLC, Klein Group, Rempel Inc, Dooley-Thompson
Their usual purchase categories include: gas_transport, shopping_net, health_fitness, kids_pets, entertainment

Transaction History:
Their last transaction was April 02 at 06:02 AM, approximately 8.7 hours ago, which is 39.9 miles from the current location.

Please analyze this transaction for potential fraud indicators. Consider:
1. The location and travel patterns for age and job
2. Transaction amount and category
3. Timing and frequency
4. Any unusual patterns or deviations
5. If the transaction is typical for the age, job and gender

IMPORTANT: 
- Never repeat or reference the prompt instructions
- Never start with phrases like ""Text for analysis:"" or ""Consider the transaction details""
- Always complete your full analysis in one clear statement
- Think step by step, but keep responses under 100 words total
- Only provide GENUINE or FRAUD as conclusion, do not use terms like UNCERTAIN or anything else.

Response Format:

For legitimate transactions:
[clear analysis in a single complete sentence]
CONCLUSION: GENUINE

For fraudulent transactions:
[clear analysis in a single complete sentence]
CONCLUSION: FRAUD

Example good response for fraud:
Transaction does not match the typical amount, timing, and location for this customer's profile.
CONCLUSION: FRAUD

Example good response for genuine transaction:
Transaction does not match the typical amount, timing, and location for this customer's profile.
CONCLUSION: GENUINE

Analyze the transcation and based on that analysis conclude if it is fraud or genuine.
",phi,0.0,"The score is 0.00 because the actual output aligns perfectly with the provided context, indicating no hallucination."
